{
    "dimension": 2,
    "variables": [
        "Eta",
        "Pt"
    ],
    "error_type": "absolute",
    "binning": {
        "x": [
            -2.5,
            2.5
        ],
        "y": [
            0.16,
            0.18,
            0.2,
            0.22,
            0.24
        ]
    },
    "data": [
        {
            "bin": [
                -2.5,
                2.5
            ],
            "values": [
                {
                    "bin": [
                        0.16,
                        0.18
                    ],
                    "value": 0.30067311898066446,
                    "error_low": 0.2013133438545339,
                    "error_high": 0.2013133438545339
                },
                {
                    "bin": [
                        0.18,
                        0.2
                    ],
                    "value": 1.0442647841270967,
                    "error_low": 0.5772538359394396,
                    "error_high": 0.5772538359394396
                },
                {
                    "bin": [
                        0.2,
                        0.22
                    ],
                    "value": 7.509582290194626,
                    "error_low": 3.9613755510010846,
                    "error_high": 3.9613755510010846
                },
                {
                    "bin": [
                        0.22,
                        0.24
                    ],
                    "value": 6.305032328807896,
                    "error_low": 4.171342919089175,
                    "error_high": 4.171342919089175
                }
            ]
        }
    ]
}