{
    "dimension": 2,
    "variables": [
        "Eta",
        "Pt"
    ],
    "error_type": "absolute",
    "binning": {
        "x": [
            -2.5,
            2.5
        ],
        "y": [
            0.16,
            0.18,
            0.2,
            0.22,
            0.24
        ]
    },
    "data": [
        {
            "bin": [
                -2.5,
                2.5
            ],
            "values": [
                {
                    "bin": [
                        0.16,
                        0.18
                    ],
                    "value": 1.310807914724566,
                    "error_low": 0.9298937496467424,
                    "error_high": 0.9298937496467424
                },
                {
                    "bin": [
                        0.18,
                        0.2
                    ],
                    "value": 1.6935622204867895,
                    "error_low": 0.8557795935207153,
                    "error_high": 0.8557795935207153
                },
                {
                    "bin": [
                        0.2,
                        0.22
                    ],
                    "value": 8.18778751542584,
                    "error_low": 4.438342306050425,
                    "error_high": 4.438342306050425
                },
                {
                    "bin": [
                        0.22,
                        0.24
                    ],
                    "value": 9.638782850741219,
                    "error_low": 5.656671704440256,
                    "error_high": 5.656671704440256
                }
            ]
        }
    ]
}