{
    "dimension": 2,
    "variables": [
        "Eta",
        "Pt"
    ],
    "error_type": "absolute",
    "binning": {
        "x": [
            -2.5,
            2.5
        ],
        "y": [
            0.28,
            0.3,
            0.32,
            0.44
        ]
    },
    "data": [
        {
            "bin": [
                -2.5,
                2.5
            ],
            "values": [
                {
                    "bin": [
                        0.28,
                        0.3
                    ],
                    "value": 3.236446467615784e-05,
                    "error_low": 3.369124747331519e-05,
                    "error_high": 3.369124747331519e-05
                },
                {
                    "bin": [
                        0.3,
                        0.32
                    ],
                    "value": 1.9731654096515522e-05,
                    "error_low": 1.9732270899446572e-05,
                    "error_high": 1.9732270899446572e-05
                },
                {
                    "bin": [
                        0.42,
                        0.44
                    ],
                    "value": 1.5275180732499386e-05,
                    "error_low": 1.5275900621486153e-05,
                    "error_high": 1.5275900621486153e-05
                }
            ]
        }
    ]
}