{
    "dimension": 2,
    "variables": [
        "Eta",
        "Pt"
    ],
    "error_type": "absolute",
    "binning": {
        "x": [
            -2.5,
            2.5
        ],
        "y": [
            0.16,
            0.18,
            0.2,
            0.22,
            0.24
        ]
    },
    "data": [
        {
            "bin": [
                -2.5,
                2.5
            ],
            "values": [
                {
                    "bin": [
                        0.16,
                        0.18
                    ],
                    "value": 0.002204296197349274,
                    "error_low": 0.003802490814444375,
                    "error_high": 0.003802490814444375
                },
                {
                    "bin": [
                        0.18,
                        0.2
                    ],
                    "value": 0.005606397104144858,
                    "error_low": 0.004067958398968891,
                    "error_high": 0.004067958398968891
                },
                {
                    "bin": [
                        0.2,
                        0.22
                    ],
                    "value": 0.042087588930495676,
                    "error_low": 0.044129087735757154,
                    "error_high": 0.044129087735757154
                },
                {
                    "bin": [
                        0.22,
                        0.24
                    ],
                    "value": 0.08967200702899719,
                    "error_low": 0.10426689735408244,
                    "error_high": 0.10426689735408244
                }
            ]
        }
    ]
}